issue	epic
376	API Contract & Type Safety
379	API Contract & Type Safety
388	API Contract & Type Safety
389	API Contract & Type Safety
396	API Contract & Type Safety
398	API Contract & Type Safety
399	API Contract & Type Safety
423	API Contract & Type Safety
581	API Contract & Type Safety
597	API Contract & Type Safety
601	API Contract & Type Safety
602	API Contract & Type Safety
623	API Contract & Type Safety
638	API Contract & Type Safety
888	API Contract & Type Safety
335	Block Page
383	Block Page
679	Block Page
701	Block Page
1174	Block Page
304	Blocklists & Enforcement
390	Blocklists & Enforcement
705	Blocklists & Enforcement
709	Blocklists & Enforcement
958	Blocklists & Enforcement
971	Blocklists & Enforcement
1047	Blocklists & Enforcement
1067	Blocklists & Enforcement
1336	Blocklists & Enforcement
22	CI/CD & Ops
33	CI/CD & Ops
81	CI/CD & Ops
121	CI/CD & Ops
122	CI/CD & Ops
129	CI/CD & Ops
138	CI/CD & Ops
158	CI/CD & Ops
172	CI/CD & Ops
251	CI/CD & Ops
257	CI/CD & Ops
337	CI/CD & Ops
604	CI/CD & Ops
625	CI/CD & Ops
633	CI/CD & Ops
637	CI/CD & Ops
652	CI/CD & Ops
657	CI/CD & Ops
670	CI/CD & Ops
675	CI/CD & Ops
695	CI/CD & Ops
696	CI/CD & Ops
834	CI/CD & Ops
877	CI/CD & Ops
889	CI/CD & Ops
906	CI/CD & Ops
915	CI/CD & Ops
1011	CI/CD & Ops
1012	CI/CD & Ops
1029	CI/CD & Ops
1194	CI/CD & Ops
1200	CI/CD & Ops
1330	CI/CD & Ops
19	DNS-Bypass & Attribution
296	DNS-Bypass & Attribution
384	DNS-Bypass & Attribution
572	DNS-Bypass & Attribution
573	DNS-Bypass & Attribution
574	DNS-Bypass & Attribution
703	DNS-Bypass & Attribution
17	Dashboard & UX
18	Dashboard & UX
37	Dashboard & UX
137	Dashboard & UX
267	Dashboard & UX
273	Dashboard & UX
299	Dashboard & UX
332	Dashboard & UX
344	Dashboard & UX
425	Dashboard & UX
459	Dashboard & UX
645	Dashboard & UX
747	Dashboard & UX
819	Dashboard & UX
820	Dashboard & UX
821	Dashboard & UX
822	Dashboard & UX
823	Dashboard & UX
825	Dashboard & UX
827	Dashboard & UX
829	Dashboard & UX
830	Dashboard & UX
844	Dashboard & UX
849	Dashboard & UX
856	Dashboard & UX
859	Dashboard & UX
860	Dashboard & UX
862	Dashboard & UX
892	Dashboard & UX
951	Dashboard & UX
995	Dashboard & UX
1062	Dashboard & UX
1064	Dashboard & UX
1065	Dashboard & UX
1066	Dashboard & UX
1098	Dashboard & UX
1148	Dashboard & UX
1323	Dashboard & UX
1341	Dashboard & UX
136	Database & Data Lifecycle
798	Database & Data Lifecycle
808	Database & Data Lifecycle
810	Database & Data Lifecycle
812	Database & Data Lifecycle
1013	Database & Data Lifecycle
1187	Database & Data Lifecycle
1401	Database & Data Lifecycle
57	E2E Test Coverage
140	E2E Test Coverage
151	E2E Test Coverage
154	E2E Test Coverage
238	E2E Test Coverage
240	E2E Test Coverage
241	E2E Test Coverage
345	E2E Test Coverage
532	E2E Test Coverage
693	E2E Test Coverage
759	E2E Test Coverage
921	E2E Test Coverage
923	E2E Test Coverage
930	E2E Test Coverage
1110	E2E Test Coverage
1116	E2E Test Coverage
1117	E2E Test Coverage
1126	E2E Test Coverage
1304	E2E Test Coverage
1305	E2E Test Coverage
1362	E2E Test Coverage
937	Global Policy & Default-Deny
1315	Global Policy & Default-Deny
1316	Global Policy & Default-Deny
1317	Global Policy & Default-Deny
1318	Global Policy & Default-Deny
1319	Global Policy & Default-Deny
1320	Global Policy & Default-Deny
1321	Global Policy & Default-Deny
1322	Global Policy & Default-Deny
560	Launch Branding & Naming
1171	Launch Branding & Naming
981	Mobile App
982	Mobile App
983	Mobile App
984	Mobile App
985	Mobile App
986	Mobile App
987	Mobile App
374	Notifications & Alerting
578	Notifications & Alerting
874	Notifications & Alerting
884	Notifications & Alerting
1402	Notifications & Alerting
1403	Notifications & Alerting
1404	Notifications & Alerting
1405	Notifications & Alerting
1406	Notifications & Alerting
16	Observability & Metrics
471	Observability & Metrics
1240	Observability & Metrics
1280	Observability & Metrics
1368	Observability & Metrics
1381	Observability & Metrics
89	Router Agent & Release
111	Router Agent & Release
112	Router Agent & Release
113	Router Agent & Release
124	Router Agent & Release
198	Router Agent & Release
270	Router Agent & Release
317	Router Agent & Release
348	Router Agent & Release
363	Router Agent & Release
387	Router Agent & Release
561	Router Agent & Release
699	Router Agent & Release
753	Router Agent & Release
772	Router Agent & Release
773	Router Agent & Release
774	Router Agent & Release
1023	Router Agent & Release
1033	Router Agent & Release
1180	Router Agent & Release
1216	Router Agent & Release
1217	Router Agent & Release
1069	Schedules
1378	Schedules
1379	Schedules
1380	Schedules
274	Security & Access Control
369	Security & Access Control
622	Security & Access Control
300	Usage & Screen-Time
726	Usage & Screen-Time
730	Usage & Screen-Time
790	Usage & Screen-Time
842	Usage & Screen-Time
1078	Usage & Screen-Time
1080	Usage & Screen-Time
1084	Usage & Screen-Time
1089	Usage & Screen-Time
